param_id,total_return,max_drawdown,sharpe
RSI_d782c59a_20250628_151311,0.2302395441433611,-0.6072201677332829,0.7491482764693874
RSI_37f6cd0a_20250628_151311,0.2232985175062507,-0.581037578593244,0.6474215440250056
RSI_c381e2c7_20250628_151311,0.1413222767045607,-0.4824310125980313,0.6038066216155691
RSI_6cf651ae_20250628_151311,-0.33245772810254,-0.5294103423998884,-0.1946514595852212
RSI_a2d209c3_20250628_151311,-0.3330874653308657,-0.560063442730038,-0.2085737807129762
